﻿<?xml version="1.0" encoding="utf-8" ?>
<c2eventsheet>
    <!--All the 'name' attributes are ignored by Construct 2 - they are there for readability only.-->
    <name>Event sheet 1</name>
    <events>
        <variable constant="0" name="IntendedScale" sid="5879866130337676" static="0" type="number">1</variable>
        <comment>By having an intended scale and gradually moving the actual layer scale towards that value, we can create a smooth zoom based on the car&apos;s speed.</comment>
        <event-block sid="3204775357412772">
            <conditions>
                <condition id="-1" name="Every tick" sid="9416420602188281" type="System" />
            </conditions>
            <actions>
                <action id="-9" name="Set value" sid="67930663164066" type="System">
                    <param id="0" name="Variable">IntendedScale</param>
                    <param id="1" name="Value">1.2 - Sprite.Car.Speed / 1000</param>
                </action>
                <action id="-17" name="Set layer scale" sid="6281925714372085" type="System">
                    <param id="0" name="Layer">&quot;Background&quot;</param>
                    <param id="1" name="Scale">lerp(LayerScale(&quot;Background&quot;), IntendedScale, 0.01)</param>
                </action>
                <action id="-17" name="Set layer scale" sid="610197531802557" type="System">
                    <param id="0" name="Layer">&quot;Game&quot;</param>
                    <param id="1" name="Scale">LayerScale(&quot;Background&quot;)</param>
                </action>
            </actions>
        </event-block>
        <event-block sid="5891087141186586">
            <conditions>
                <condition id="0" name="On collision with another object" sid="9256400900122443" type="Sprite">
                    <param id="0" name="Object">FinishingLine</param>
                </condition>
            </conditions>
            <actions>
                <action id="3" name="Set font size" sid="5185938710703337" type="Text">
                    <param id="0" name="Size (pt)">20</param>
                </action>
                <action id="0" name="Set text" sid="5895041751026128" type="Text">
                    <param id="0" name="Text">&quot;Wrong Direction&quot;</param>
                </action>
            </actions>
        </event-block>
        <event-block sid="5795215072370233">
            <conditions>
                <condition id="0" name="On collision with another object" sid="5198746944295307" type="Sprite">
                    <param id="0" name="Object">Obstacle1</param>
                </condition>
            </conditions>
            <actions>
                <action id="-15" name="Set visible" sid="8082383543169286" type="Obstacle1">
                    <param id="0" name="Visibility">1</param>
                </action>
                <action id="2" name="Stop" sid="7001785999104165" type="Sprite" />
                <action behavior="Car" id="3" name="Set speed" sid="6754211114886785" type="Sprite">
                    <param id="0" name="Speed">0</param>
                </action>
                <action behavior="Car" id="2" name="Set ignoring input" sid="3976516662396342" type="Sprite">
                    <param id="0" name="Input">1</param>
                </action>
                <action id="-15" name="Set visible" sid="6934850703415867" type="question1">
                    <param id="0" name="Visibility">1</param>
                </action>
                <action id="2" name="Set visible" sid="9665496659078995" type="Button2">
                    <param id="0" name="Visibility">1</param>
                </action>
                <action id="2" name="Set visible" sid="859428851527859" type="Button1">
                    <param id="0" name="Visibility">1</param>
                </action>
            </actions>
        </event-block>
        <event-block sid="1978638943537178">
            <conditions>
                <condition id="6" name="On object clicked" sid="1725908296641083" type="Mouse">
                    <param id="0" name="Mouse button">0</param>
                    <param id="1" name="Click type">1</param>
                    <param id="2" name="Object clicked">Button1</param>
                </condition>
            </conditions>
            <actions>
                <action id="3" name="Set enabled" sid="6208033823794354" type="Button1">
                    <param id="0" name="Mode">1</param>
                </action>
                <action id="-15" name="Set visible" sid="102850382839774" type="Sprite3">
                    <param id="0" name="Visibility">1</param>
                </action>
            </actions>
        </event-block>
        <event-block sid="7318315450602105">
            <conditions>
                <condition id="6" name="On object clicked" sid="5565044756360036" type="Mouse">
                    <param id="0" name="Mouse button">0</param>
                    <param id="1" name="Click type">1</param>
                    <param id="2" name="Object clicked">Button2</param>
                </condition>
            </conditions>
            <actions>
                <action id="3" name="Set enabled" sid="669506520416731" type="Button2">
                    <param id="0" name="Mode">1</param>
                </action>
                <action behavior="Car" id="8" name="Set enabled" sid="6989217984136381" type="Sprite">
                    <param id="0" name="State">1</param>
                </action>
                <action id="-9" name="Destroy" sid="9445099135204305" type="Obstacle1" />
                <action id="-9" name="Destroy" sid="2540535358899544" type="Button1" />
                <action id="-9" name="Destroy" sid="9432626954147502" type="Button2" />
                <action id="-9" name="Destroy" sid="899705189614935" type="question1" />
                <action behavior="Car" id="3" name="Set speed" sid="4355803465500811" type="Sprite">
                    <param id="0" name="Speed">050</param>
                </action>
                <action behavior="Car" id="2" name="Set ignoring input" sid="2227441986117745" type="Sprite">
                    <param id="0" name="Input">0</param>
                </action>
                <action id="-9" name="Set value" sid="1280133044692084" type="System">
                    <param id="0" name="Variable">IntendedScale</param>
                    <param id="1" name="Value">1.2 - Sprite.Car.Speed / 1000</param>
                </action>
            </actions>
        </event-block>
        <event-block sid="2454460515603068">
            <conditions>
                <condition id="0" name="On collision with another object" sid="6611115218169221" type="Sprite">
                    <param id="0" name="Object">Obstacle2</param>
                </condition>
            </conditions>
            <actions>
                <action id="-15" name="Set visible" sid="6800624914324758" type="Obstacle2">
                    <param id="0" name="Visibility">1</param>
                </action>
                <action id="2" name="Stop" sid="3969025374443569" type="Sprite" />
                <action behavior="Car" id="3" name="Set speed" sid="5756214554310909" type="Sprite">
                    <param id="0" name="Speed">0</param>
                </action>
                <action behavior="Car" id="2" name="Set ignoring input" sid="3932564286762212" type="Sprite">
                    <param id="0" name="Input">1</param>
                </action>
                <action id="-15" name="Set visible" sid="4614208859101608" type="question2">
                    <param id="0" name="Visibility">1</param>
                </action>
                <action id="2" name="Set visible" sid="414523608288437" type="Button3">
                    <param id="0" name="Visibility">1</param>
                </action>
                <action id="2" name="Set visible" sid="4092782629792779" type="Button4">
                    <param id="0" name="Visibility">1</param>
                </action>
            </actions>
        </event-block>
        <event-block sid="239779738215394">
            <conditions>
                <condition id="6" name="On object clicked" sid="1336408762907488" type="Mouse">
                    <param id="0" name="Mouse button">0</param>
                    <param id="1" name="Click type">1</param>
                    <param id="2" name="Object clicked">Button3</param>
                </condition>
            </conditions>
            <actions>
                <action id="3" name="Set enabled" sid="6656104947505838" type="Button3">
                    <param id="0" name="Mode">1</param>
                </action>
                <action behavior="Car" id="8" name="Set enabled" sid="7869635058744995" type="Sprite">
                    <param id="0" name="State">1</param>
                </action>
                <action id="-9" name="Destroy" sid="8306762510299989" type="Obstacle2" />
                <action id="-9" name="Destroy" sid="1950024787988188" type="Button3" />
                <action id="-9" name="Destroy" sid="2093450148800896" type="Button4" />
                <action id="-9" name="Destroy" sid="5105073582022236" type="question2" />
                <action behavior="Car" id="3" name="Set speed" sid="2986554842433452" type="Sprite">
                    <param id="0" name="Speed">050</param>
                </action>
                <action behavior="Car" id="2" name="Set ignoring input" sid="9192826831609005" type="Sprite">
                    <param id="0" name="Input">0</param>
                </action>
                <action id="-9" name="Set value" sid="13112276541548" type="System">
                    <param id="0" name="Variable">IntendedScale</param>
                    <param id="1" name="Value">1.2 - Sprite.Car.Speed / 1000</param>
                </action>
            </actions>
        </event-block>
        <event-block sid="2279430238245161">
            <conditions>
                <condition id="6" name="On object clicked" sid="8919666867176729" type="Mouse">
                    <param id="0" name="Mouse button">0</param>
                    <param id="1" name="Click type">1</param>
                    <param id="2" name="Object clicked">Button4</param>
                </condition>
            </conditions>
            <actions>
                <action id="3" name="Set enabled" sid="9642270413262336" type="Button4">
                    <param id="0" name="Mode">1</param>
                </action>
                <action id="-15" name="Set visible" sid="3630515114725892" type="Sprite4">
                    <param id="0" name="Visibility">1</param>
                </action>
            </actions>
        </event-block>
        <event-block sid="3918925628385575">
            <conditions>
                <condition id="0" name="On collision with another object" sid="9741429922618217" type="Sprite">
                    <param id="0" name="Object">Obstacle3</param>
                </condition>
            </conditions>
            <actions>
                <action id="-15" name="Set visible" sid="5378739763112974" type="Obstacle3">
                    <param id="0" name="Visibility">1</param>
                </action>
                <action id="2" name="Stop" sid="2284559001318338" type="Sprite" />
                <action behavior="Car" id="3" name="Set speed" sid="971060404320282" type="Sprite">
                    <param id="0" name="Speed">0</param>
                </action>
                <action behavior="Car" id="2" name="Set ignoring input" sid="9683387604309426" type="Sprite">
                    <param id="0" name="Input">1</param>
                </action>
                <action id="-15" name="Set visible" sid="7178594256774392" type="question3">
                    <param id="0" name="Visibility">1</param>
                </action>
                <action id="2" name="Set visible" sid="9699568336072499" type="Button5">
                    <param id="0" name="Visibility">1</param>
                </action>
                <action id="2" name="Set visible" sid="2245806177433957" type="Button6">
                    <param id="0" name="Visibility">1</param>
                </action>
            </actions>
        </event-block>
        <event-block sid="63553879322171">
            <conditions>
                <condition id="6" name="On object clicked" sid="1721484948505664" type="Mouse">
                    <param id="0" name="Mouse button">0</param>
                    <param id="1" name="Click type">1</param>
                    <param id="2" name="Object clicked">Button5</param>
                </condition>
            </conditions>
            <actions>
                <action id="3" name="Set enabled" sid="9853330183428077" type="Button5">
                    <param id="0" name="Mode">1</param>
                </action>
                <action id="-15" name="Set visible" sid="7680248253447696" type="Sprite5">
                    <param id="0" name="Visibility">1</param>
                </action>
            </actions>
        </event-block>
        <event-block sid="3926070748828374">
            <conditions>
                <condition id="6" name="On object clicked" sid="6174184443598427" type="Mouse">
                    <param id="0" name="Mouse button">0</param>
                    <param id="1" name="Click type">1</param>
                    <param id="2" name="Object clicked">Button6</param>
                </condition>
            </conditions>
            <actions>
                <action id="3" name="Set enabled" sid="9919609908756822" type="Button6">
                    <param id="0" name="Mode">1</param>
                </action>
                <action behavior="Car" id="8" name="Set enabled" sid="4100650509398631" type="Sprite">
                    <param id="0" name="State">1</param>
                </action>
                <action id="-9" name="Destroy" sid="9272961804857437" type="Obstacle3" />
                <action id="-9" name="Destroy" sid="7047968135768436" type="Button5" />
                <action id="-9" name="Destroy" sid="9397919045780156" type="Button6" />
                <action id="-9" name="Destroy" sid="3323406802308359" type="question3" />
                <action behavior="Car" id="3" name="Set speed" sid="8626061766114697" type="Sprite">
                    <param id="0" name="Speed">050</param>
                </action>
                <action behavior="Car" id="2" name="Set ignoring input" sid="2450344404445495" type="Sprite">
                    <param id="0" name="Input">0</param>
                </action>
                <action id="-9" name="Set value" sid="7297924427204109" type="System">
                    <param id="0" name="Variable">IntendedScale</param>
                    <param id="1" name="Value">1.2 - Sprite.Car.Speed / 1000</param>
                </action>
            </actions>
        </event-block>
        <event-block sid="6284635261717014">
            <conditions>
                <condition id="0" name="On collision with another object" sid="6311955738699798" type="Sprite">
                    <param id="0" name="Object">Obstacle4</param>
                </condition>
            </conditions>
            <actions>
                <action id="-15" name="Set visible" sid="5775473988505465" type="Obstacle4">
                    <param id="0" name="Visibility">1</param>
                </action>
                <action id="2" name="Stop" sid="9522904287642055" type="Sprite" />
                <action behavior="Car" id="3" name="Set speed" sid="5687958567494119" type="Sprite">
                    <param id="0" name="Speed">0</param>
                </action>
                <action behavior="Car" id="2" name="Set ignoring input" sid="9514669616762506" type="Sprite">
                    <param id="0" name="Input">1</param>
                </action>
                <action id="-15" name="Set visible" sid="6700238948938766" type="question4">
                    <param id="0" name="Visibility">1</param>
                </action>
                <action id="2" name="Set visible" sid="3524660305079421" type="Button8">
                    <param id="0" name="Visibility">1</param>
                </action>
                <action id="2" name="Set visible" sid="2965630002330901" type="Button7">
                    <param id="0" name="Visibility">1</param>
                </action>
            </actions>
        </event-block>
        <event-block sid="1951885643438045">
            <conditions>
                <condition id="6" name="On object clicked" sid="4271087079617521" type="Mouse">
                    <param id="0" name="Mouse button">0</param>
                    <param id="1" name="Click type">1</param>
                    <param id="2" name="Object clicked">Button7</param>
                </condition>
            </conditions>
            <actions>
                <action id="3" name="Set enabled" sid="3893022964394417" type="Button7">
                    <param id="0" name="Mode">1</param>
                </action>
                <action behavior="Car" id="8" name="Set enabled" sid="1732559727858379" type="Sprite">
                    <param id="0" name="State">1</param>
                </action>
                <action id="-9" name="Destroy" sid="9446540388364266" type="Obstacle4" />
                <action id="-9" name="Destroy" sid="1029349977855141" type="Button7" />
                <action id="-9" name="Destroy" sid="1006208495955365" type="Button8" />
                <action id="-9" name="Destroy" sid="3177547454134918" type="question4" />
                <action behavior="Car" id="3" name="Set speed" sid="5542002057886509" type="Sprite">
                    <param id="0" name="Speed">050</param>
                </action>
                <action behavior="Car" id="2" name="Set ignoring input" sid="731025005424545" type="Sprite">
                    <param id="0" name="Input">0</param>
                </action>
                <action id="-9" name="Set value" sid="7136101732939004" type="System">
                    <param id="0" name="Variable">IntendedScale</param>
                    <param id="1" name="Value">1.2 - Sprite.Car.Speed / 1000</param>
                </action>
            </actions>
        </event-block>
        <event-block sid="2855327563259737">
            <conditions>
                <condition id="6" name="On object clicked" sid="3692005912709093" type="Mouse">
                    <param id="0" name="Mouse button">0</param>
                    <param id="1" name="Click type">1</param>
                    <param id="2" name="Object clicked">Button8</param>
                </condition>
            </conditions>
            <actions>
                <action id="3" name="Set enabled" sid="5746325106017473" type="Button8">
                    <param id="0" name="Mode">1</param>
                </action>
                <action id="-15" name="Set visible" sid="1287366379348621" type="Sprite6">
                    <param id="0" name="Visibility">1</param>
                </action>
            </actions>
        </event-block>
        <event-block sid="8098849678499316">
            <conditions>
                <condition id="0" name="On collision with another object" sid="8966466693555334" type="Sprite">
                    <param id="0" name="Object">FinishingLine2</param>
                </condition>
            </conditions>
            <actions>
                <action id="-15" name="Set visible" sid="1571969059512572" type="Winner">
                    <param id="0" name="Visibility">1</param>
                </action>
                <action id="2" name="Stop" sid="5311136898828007" type="Sprite" />
                <action behavior="Car" id="3" name="Set speed" sid="3559243266783671" type="Sprite">
                    <param id="0" name="Speed">0</param>
                </action>
                <action behavior="Car" id="2" name="Set ignoring input" sid="532174957309354" type="Sprite">
                    <param id="0" name="Input">1</param>
                </action>
            </actions>
        </event-block>
    </events>
</c2eventsheet>
